"name","year","rate","margin_of_error","population","murder","rape","robbery","agg_assault","b_and_e","larceny_theft","mv_theft","grand_total","percent_change","violent_crime_total","violent_crime_percent","violent_crime_percent_change","property_crime_totals","property_crime_percent","property_crime_percent_change","overall_crime_rate_per_100k","overall_percent_change_per_100k","violent_crime_rate_per_100k","violent_crime_rate_percent_change_per_100k","property_crime_rate_per_100k","property_crime_rate_percent_change_per_100k","murder_per_100k","rape_per_100k","robbery_per_100k","agg_assult_per_100k","b_and_e_per_100k","larceny_theft_per_100k","mv_theft_per_100k","murder_rate_percent_change__per_100k","rape_rate_percent_change_per_100k","robbery__rate_percent_change_per_100k","agg_assult_rate_percent_change_per_100k","b_and_e_rate_percent_change_per_100k","larceny_theft_rate_percent_change_per_100k","mv_theft_rate_percent_change_per_100k"
"Allegany County","2006","14.9","2.3","73841","1","29","37","215","542","1586","83","2493","8.0","282","11.3","8.5","2211","88.7","8.0","3376.2","8.9","381.9","9.3","2994.3","8.8","1.4","39.3","50.1","291.2","734.0","2147.9","112.4","0.8","-2.6","148.6","1.3","18.8","4.4","46.8"
"Allegany County","2007","14.2","2.1","71977","0","20","35","207","536","1631","92","2521","1.1","262","10.4","-7.1","2259","89.6","2.2","3502.5","3.7","364.0","-4.7","3138.5","4.8","0.0","27.8","48.6","287.6","744.7","2266.0","127.8","-100.0","-29.2","-3.0","-1.2","1.5","5.5","13.7"
"Allegany County","2008","15.3","2.8","71806","1","17","34","188","517","1657","49","2463","-2.3","240","9.7","-8.4","2223","90.3","-1.6","3430.1","-2.1","334.2","-8.2","3095.8","-1.4","1.4","23.7","47.3","261.8","720.0","2307.6","68.2","100.0","-14.8","-2.6","-9.0","-3.3","1.8","-46.6"
"Allegany County","2009","16.6","3.3","72312","1","25","38","259","606","1622","49","2600","5.6","323","12.4","34.6","2277","87.6","2.4","3595.5","4.8","446.7","33.6","3148.9","1.7","1.4","34.6","52.6","358.2","838.0","2243.1","67.8","-0.7","46.0","11.0","36.8","16.4","-2.8","-0.7"
"Allegany County","2010","17.1","3.0","72721","4","26","48","234","596","1921","49","2878","10.7","312","10.8","-3.4","2566","89.2","12.7","3957.6","10.1","429.0","-3.9","3528.6","12.1","5.5","35.8","66.0","321.8","819.6","2641.6","67.4","297.8","3.4","25.6","-10.2","-2.2","17.8","-0.6"
"Allegany County","2011","19.1","3.4","75799","6","30","62","153","608","1866","43","2768","-3.8","251","9.1","-19.6","2517","90.9","-1.9","3651.8","-7.7","331.1","-22.8","3320.6","-5.9","7.9","39.6","81.8","201.8","802.1","2461.8","56.7","43.9","10.7","23.9","-37.3","-2.1","-6.8","-15.8"
"Allegany County","2012","18.1","2.8","75413","3","22","42","201","571","1904","67","2810","1.5","268","9.5","6.8","2542","90.5","1.0","3726.1","2.0","355.4","7.3","3370.8","1.5","4.0","29.2","55.7","266.5","757.2","2524.8","88.8","-49.7","-26.3","-31.9","32.0","-5.6","2.6","56.6"
"Allegany County","2013","18.6","3.3","73834","4","28","63","154","547","1787","54","2637","-6.2","249","9.4","-7.1","2388","90.6","-6.1","3571.5","-4.1","337.2","-5.1","3234.3","-4.0","5.4","37.9","85.3","208.6","740.9","2420.3","73.1","36.2","30.0","53.2","-21.7","-2.2","-4.1","-17.7"
"Anne Arundel County","2006","4.8","0.6","512277","23","110","943","2091","3420","12217","1654","20458","1.8","3167","15.5","0.0","17291","84.5","2.1","3993.5","1.8","618.2","0.0","3375.3","2.1","4.5","21.5","184.1","408.2","667.6","2384.8","322.9","43.8","25.0","9.1","-4.8","9.6","-0.5","8.6"
"Anne Arundel County","2007","5.0","0.7","508164","20","90","910","2048","3412","13295","1667","21442","4.8","3068","14.3","-3.1","18374","85.7","6.3","4219.5","5.7","603.7","-2.3","3615.8","7.1","3.9","17.7","179.1","403.0","671.4","2616.3","328.0","-12.3","-17.5","-2.7","-1.3","0.6","9.7","1.6"
"Anne Arundel County","2008","5.0","0.8","511145","18","109","810","1994","3419","14302","1581","22233","3.7","2931","13.2","-4.5","19302","86.8","5.1","4349.6","3.1","573.4","-5.0","3776.2","4.4","3.5","21.3","158.5","390.1","668.9","2798.0","309.3","-10.5","20.4","-11.5","-3.2","-0.4","6.9","-5.7"
"Anne Arundel County","2009","6.8","1.0","517763","16","95","746","2063","3067","12763","1134","19884","-10.6","2920","14.7","-0.4","16964","85.3","-12.1","3840.4","-11.7","564.0","-1.6","3276.4","-13.2","3.1","18.3","144.1","398.4","592.4","2465.0","219.0","-12.2","-14.0","-9.1","2.1","-11.4","-11.9","-29.2"
"Anne Arundel County","2010","6.6","1.1","527278","18","113","661","2137","2860","11732","1236","18757","-5.7","2929","15.6","0.3","15828","84.4","-6.7","3557.3","-7.4","555.5","-1.5","3001.8","-8.4","3.4","21.4","125.4","405.3","542.4","2225.0","234.4","10.5","16.8","-13.0","1.7","-8.4","-9.7","7.0"
"Anne Arundel County","2011","6.5","1.2","542753","15","91","597","1972","2259","11394","832","17160","-8.5","2675","15.6","-8.7","14485","84.4","-8.5","3161.7","-11.1","492.9","-11.3","2668.8","-11.1","2.8","16.8","110.0","363.3","416.2","2099.3","153.3","-19.0","-21.8","-12.3","-10.4","-23.3","-5.7","-34.6"
"Anne Arundel County","2012","6.3","1.0","549659","13","100","538","1630","2585","11299","888","17053","-0.6","2281","13.4","-14.7","14772","86.6","2.0","3102.5","-1.9","415.0","-15.8","2687.5","0.7","2.4","18.2","97.9","296.5","470.3","2055.6","161.6","-14.4","8.5","-11.0","-18.4","13.0","-2.1","5.4"
"Anne Arundel County","2013","7.3","1.1","555330","15","71","630","1603","2522","11272","677","16790","-1.5","2319","13.8","1.7","14471","86.2","-2.0","3023.4","-2.5","417.6","0.6","2605.8","-3.0","2.7","12.8","113.4","288.7","454.1","2029.8","121.9","14.2","-29.7","15.9","-2.7","-3.4","-1.3","-24.5"
"Baltimore City","2006","19.2","1.5","637556","276","139","4260","6196","7664","18846","6276","43657","-3.1","10871","24.9","-3.9","32786","75.1","-2.9","6847.6","-2.6","1705.1","-3.3","5142.5","-2.3","43.3","21.8","668.2","971.8","1202.1","2956.0","984.4","3.2","-13.7","8.9","-10.3","4.3","-5.9","1.3"
"Baltimore City","2007","19.9","1.6","624237","282","146","3926","5875","7431","17077","5821","40558","-7.1","10229","25.2","-5.9","30329","74.8","-7.5","6497.2","-5.1","1638.6","-3.9","4858.6","-5.5","45.2","23.4","628.9","941.1","1190.4","2735.7","932.5","4.4","7.3","-5.9","-3.2","-1.0","-7.5","-5.3"
"Baltimore City","2008","19.2","1.6","634549","234","137","4058","5703","7880","17635","5518","41165","1.5","10132","24.6","-0.9","31033","75.4","2.3","6487.3","-0.2","1596.7","-2.6","4890.6","0.7","36.9","21.6","639.5","898.7","1241.8","2779.1","869.6","-18.4","-7.7","1.7","-4.5","4.3","1.6","-6.7"
"Baltimore City","2009","20.9","1.7","638755","238","158","3726","5579","7856","17101","4632","39290","-4.6","9701","24.7","-4.3","29589","75.3","-4.7","6151.0","-5.2","1518.7","-4.9","4632.3","-5.3","37.3","24.7","583.3","873.4","1229.9","2677.2","725.2","1.0","14.6","-8.8","-2.8","-1.0","-3.7","-16.6"
"Baltimore City","2010","24.7","1.8","639927","223","266","3361","5502","7646","16626","4421","38045","-3.2","9352","24.6","-3.6","28693","75.4","-3.0","5945.2","-3.3","1461.4","-3.8","4483.8","-3.2","34.8","41.6","525.2","859.8","1194.8","2598.1","690.9","-6.5","68.0","-10.0","-1.6","-2.9","-3.0","-4.7"
"Baltimore City","2011","24.5","1.7","626848","197","341","3485","4905","8649","17397","4207","39181","3.0","8928","22.8","-4.5","30253","77.2","5.4","6250.5","5.1","1424.3","-2.5","4826.2","7.6","31.4","54.4","556.0","782.5","1379.8","2775.3","671.1","-9.8","30.9","5.9","-9.0","15.5","6.8","-2.9"
"Baltimore City","2012","24.5","1.7","625474","216","317","3635","4657","7796","17849","3987","38457","-1.8","8825","22.9","-1.2","29632","77.1","-2.1","6148.5","-1.6","1410.9","-0.9","4737.5","-1.8","34.5","50.7","581.2","744.6","1246.4","2853.7","637.4","9.9","-6.8","4.5","-4.8","-9.7","2.8","-5.0"
"Baltimore City","2013","22.7","1.6","622671","233","298","3755","4471","7440","19329","4462","39988","4.0","8757","21.9","-0.8","31231","78.1","5.4","6422.0","4.4","1406.4","-0.3","5015.7","5.9","37.4","47.9","603.0","718.0","1194.9","3104.2","716.6","8.4","-5.6","3.8","-3.6","-4.1","8.8","12.4"
"Baltimore County","2006","8.0","0.8","788266","35","143","2090","3445","4812","18357","3463","32345","4.5","5713","17.7","1.1","26632","82.3","5.3","4103.3","4.3","724.8","0.9","3378.6","5.1","4.4","18.1","265.1","437.0","610.5","2328.8","439.3","-12.7","-19.8","17.9","-6.1","3.8","4.0","13.5"
"Baltimore County","2007","7.6","0.9","785567","36","151","1787","3407","4949","18607","3372","32309","-0.1","5381","16.7","-5.8","26928","83.3","1.1","4112.8","0.2","685.0","-5.5","3427.8","1.5","4.6","19.2","227.5","433.7","630.0","2368.6","429.2","3.2","6.0","-14.2","-0.8","3.2","1.7","-2.3"
"Baltimore County","2008","7.9","0.9","787558","31","152","1730","3018","4448","19661","2940","31980","-1.0","4931","15.4","-8.4","27049","84.6","0.4","4060.7","-1.3","626.1","-8.6","3434.5","0.2","3.9","19.3","219.7","383.2","564.8","2496.5","373.3","-14.1","0.4","-3.4","-11.6","-10.4","5.4","-13.0"
"Baltimore County","2009","8.3","1.0","792855","32","154","1471","2898","4316","19536","2443","30850","-3.5","4555","14.8","-7.6","26295","85.2","-2.8","3891.0","-4.2","574.5","-8.2","3316.5","-3.4","4.0","19.4","185.5","365.5","544.4","2464.0","308.1","2.5","0.6","-15.5","-4.6","-3.6","-1.3","-17.5"
"Baltimore County","2010","8.2","1.2","797794","20","126","1341","2862","4119","18129","1880","28477","-7.7","4349","15.3","-4.5","24128","84.7","-8.2","3569.5","-8.3","545.1","-5.1","3024.3","-8.8","2.5","15.8","168.1","358.7","516.3","2272.4","235.6","-37.9","-18.7","-9.4","-1.9","-5.2","-7.8","-23.5"
"Baltimore County","2011","9.6","1.2","812661","30","147","1457","2654","4295","18101","1710","28394","-0.3","4288","15.1","-1.4","24106","84.9","-0.1","3494.0","-2.1","527.6","-3.2","2966.3","-1.9","3.7","18.1","179.3","326.6","528.5","2227.4","210.4","47.3","14.5","6.7","-9.0","2.4","-2.0","-10.7"
"Baltimore County","2012","9.7","1.0","817761","23","147","1368","2643","4079","17978","1572","27810","-2.1","4181","15.0","-2.5","23629","85.0","-2.0","3400.7","-2.7","511.3","-3.1","2889.5","-2.6","2.8","18.0","167.3","323.2","498.8","2198.4","192.2","-23.8","-0.6","-6.7","-1.0","-5.6","-1.3","-8.6"
"Baltimore County","2013","9.5","1.0","822814","20","125","1511","2544","3949","18301","1463","27913","0.4","4200","15.0","0.5","23713","85.0","0.4","3392.4","-0.2","510.4","-0.2","2881.9","-0.3","2.4","15.2","183.6","309.2","479.9","2224.2","177.8","-13.6","-15.5","9.8","-4.3","-3.8","1.2","-7.5"
"Calvert County","2006","4.4","0.9","88166","1","6","12","238","295","1181","102","1835","-0.7","257","14.0","11.3","1578","86.0","-2.4","2081.3","-1.9","291.5","10.0","1789.8","-3.6","1.1","6.8","13.6","269.9","334.6","1339.5","115.7","-50.6","-60.5","-54.4","25.1","-15.0","-1.8","17.2"
"Calvert County","2007","5.2","1.1","90358","3","1","19","256","312","1200","105","1896","3.3","279","14.7","8.6","1617","85.3","2.5","2098.3","0.8","308.8","5.9","1789.5","0.0","3.3","1.1","21.0","283.3","345.3","1328.1","116.2","192.7","-83.7","54.5","5.0","3.2","-0.9","0.4"
"Calvert County","2008","5.6","1.0","89373","2","7","22","336","433","1333","108","2241","18.2","367","16.4","31.5","1874","83.6","15.9","2507.5","19.5","410.6","33.0","2096.8","17.2","2.2","7.8","24.6","376.0","484.5","1491.5","120.8","-32.6","607.7","17.1","32.7","40.3","12.3","4.0"
"Calvert County","2009","5.4","1.4","90796","0","11","28","232","436","1298","104","2109","-5.9","271","12.8","-26.2","1838","87.2","-1.9","2322.8","-7.4","298.5","-27.3","2024.3","-3.5","0.0","12.1","30.8","255.5","480.2","1429.6","114.5","-100.0","54.7","25.3","-32.0","-0.9","-4.2","-5.2"
"Calvert County","2010","6.2","1.4","91279","1","19","33","141","517","1401","114","2226","5.5","194","8.7","-28.4","2032","91.3","10.6","2438.7","5.0","212.5","-28.8","2226.1","10.0","1.1","20.8","36.2","154.5","566.4","1534.9","124.9","100.0","71.8","17.2","-39.5","18.0","7.4","9.0"
"Calvert County","2011","6.1","1.5","89578","0","9","31","102","492","1424","65","2123","-4.6","142","6.7","-26.8","1981","93.3","-2.5","2370.0","-2.8","158.5","-25.4","2211.5","-0.7","0.0","10.0","34.6","113.9","549.2","1589.7","72.6","-100.0","-51.7","-4.3","-26.3","-3.0","3.6","-41.9"
"Calvert County","2012","7.0","1.3","90118","2","8","22","83","400","1255","45","1815","-14.5","115","6.3","-19.0","1700","93.7","-14.2","2014.0","-15.0","127.6","-19.5","1886.4","-14.7","2.2","8.9","24.4","92.1","443.9","1392.6","49.9","200.0","-11.6","-29.5","-19.1","-19.2","-12.4","-31.2"
"Calvert County","2013","6.9","1.4","90031","4","14","27","62","381","1190","64","1742","-4.0","107","6.1","-7.0","1635","93.9","-3.8","1934.9","-3.9","118.8","-6.9","1816.0","-3.7","4.4","15.6","30.0","68.9","423.2","1321.8","71.1","100.2","75.2","22.8","-25.2","-4.7","-5.1","42.4"
"Caroline County","2006","11.0","2.1","31909","0","7","18","124","291","610","44","1094","13.8","149","13.6","-3.9","945","86.4","17.2","3428.5","11.6","467.0","-5.7","2961.5","15.0","0.0","21.9","56.4","388.6","912.0","1911.7","137.9","-100.0","-1.9","3.8","-6.5","15.1","18.0","-15.4"
"Caroline County","2007","11.7","2.3","32693","0","13","23","87","263","618","66","1070","-2.2","123","11.5","-17.4","947","88.5","0.2","3272.9","-4.5","376.2","-19.4","2896.6","-2.2","0.0","39.8","70.4","266.1","804.5","1890.3","201.9","0.0","81.3","24.7","-31.5","-11.8","-1.1","46.4"
"Caroline County","2008","10.8","2.0","33080","2","10","28","83","328","703","57","1211","13.2","123","10.2","0.0","1088","89.8","14.9","3660.8","11.9","371.8","-1.2","3289.0","13.5","6.0","30.2","84.6","250.9","991.5","2125.2","172.3","200.0","-24.0","20.3","-5.7","23.3","12.4","-14.6"
"Caroline County","2009","13.2","2.9","33693","1","13","21","91","342","633","42","1143","-5.6","126","11.0","2.4","1017","89.0","-6.5","3392.4","-7.3","374.0","0.6","3018.4","-8.2","3.0","38.6","62.3","270.1","1015.0","1878.7","124.7","-50.9","27.6","-26.4","7.6","2.4","-11.6","-27.7"
"Caroline County","2010","13.0","2.8","33937","1","2","25","100","348","620","50","1146","0.3","128","11.2","1.6","1018","88.8","0.1","3376.8","-0.5","377.2","0.9","2999.7","-0.6","2.9","5.9","73.7","294.7","1025.4","1826.9","147.3","-0.7","-84.7","18.2","9.1","1.0","-2.8","18.2"
"Caroline County","2011","13.1","2.7","33379","2","2","24","84","382","693","34","1221","6.5","112","9.2","-12.5","1109","90.8","8.9","3658.0","8.3","335.5","-11.0","3322.4","10.8","6.0","6.0","71.9","251.7","1144.4","2076.2","101.9","103.3","1.7","-2.4","-14.6","11.6","13.6","-30.9"
"Caroline County","2012","15.7","2.7","33303","3","11","21","80","337","571","40","1063","-12.9","115","10.8","2.7","948","89.2","-14.5","3191.9","-12.7","345.3","2.9","2846.6","-14.3","9.0","33.0","63.1","240.2","1011.9","1714.6","120.1","50.3","451.3","-12.3","-4.5","-11.6","-17.4","17.9"
"Caroline County","2013","16.7","2.8","32665","0","8","15","71","244","653","22","1013","-4.7","94","9.3","-18.3","919","90.7","-3.1","3101.2","-2.8","287.8","-16.7","2813.4","-1.2","0.0","24.5","45.9","217.4","747.0","1999.1","67.4","-100.0","-25.9","-27.2","-9.5","-26.2","16.6","-43.9"
"Carroll County","2006","4.0","0.7","169003","1","24","56","293","562","2016","127","3079","-3.1","374","12.1","-6.5","2705","87.9","-2.6","1821.9","-4.0","221.3","-7.4","1600.6","-3.5","0.6","14.2","33.1","173.4","332.5","1192.9","75.1","-50.5","-18.0","54.1","-12.8","6.7","-4.2","-26.0"
"Carroll County","2007","4.7","0.9","171843","1","31","38","289","611","2007","133","3110","1.0","359","11.5","-4.0","2751","88.5","1.7","1809.8","-0.7","208.9","-5.6","1600.9","0.0","0.6","18.0","22.1","168.2","355.6","1167.9","77.4","-1.7","27.0","-33.3","-3.0","6.9","-2.1","3.0"
"Carroll County","2008","5.6","0.9","170347","1","21","40","298","597","2172","124","3253","4.6","360","11.1","0.3","2893","88.9","5.2","1909.6","5.5","211.3","1.2","1698.3","6.1","0.6","12.3","23.5","174.9","350.5","1275.0","72.8","0.9","-31.7","6.2","4.0","-1.4","9.2","-5.9"
"Carroll County","2009","5.9","1.1","172300","2","29","47","315","567","2055","102","3117","-4.2","393","12.6","9.2","2724","87.4","-5.8","1809.1","-5.3","228.1","7.9","1581.0","-6.9","1.2","16.8","27.3","182.8","329.1","1192.7","59.2","97.7","36.5","16.2","4.5","-6.1","-6.5","-18.7"
"Carroll County","2010","5.4","1.1","173047","4","36","40","269","523","2085","104","3061","-1.8","349","11.4","-11.2","2712","88.6","-0.4","1768.9","-2.2","201.7","-11.6","1567.2","-0.9","2.3","20.8","23.1","155.4","302.2","1204.9","60.1","99.1","23.6","-15.3","-15.0","-8.2","1.0","1.5"
"Carroll County","2011","5.5","1.2","168719","1","26","40","189","517","1856","94","2723","-11.0","256","9.4","-26.6","2467","90.6","-9.0","1613.9","-8.8","151.7","-24.8","1462.2","-6.7","0.6","15.4","23.7","112.0","306.4","1100.1","55.7","-74.4","-25.9","2.6","-27.9","1.4","-8.7","-7.3"
"Carroll County","2012","6.3","1.1","168903","3","19","47","237","689","1948","84","3027","11.2","306","10.1","19.5","2721","89.9","10.3","1792.2","11.0","181.2","19.4","1611.0","10.2","1.8","11.2","27.8","140.3","407.9","1153.3","49.7","199.7","-27.0","17.4","25.3","33.1","4.8","-10.7"
"Carroll County","2013","6.8","1.2","167529","4","30","33","275","542","1735","65","2684","-11.3","342","12.7","11.8","2342","87.3","-13.9","1602.1","-10.6","204.1","12.7","1398.0","-13.2","2.4","17.9","19.7","164.2","323.5","1035.6","38.8","34.4","59.2","-29.2","17.0","-20.7","-10.2","-22.0"
"Cecil County","2006","7.8","1.5","98064","4","7","102","377","884","1848","310","3532","3.6","490","13.9","3.4","3042","86.1","3.7","3601.7","1.7","499.7","1.5","3102.1","1.8","4.1","7.1","104.0","384.4","901.5","1884.5","316.1","-1.8","-37.5","26.7","-2.6","3.8","-0.3","9.5"
"Cecil County","2007","9.3","1.7","100680","5","16","111","436","1001","2141","256","3966","12.3","568","14.3","15.9","3398","85.7","11.7","3939.2","9.4","564.2","12.9","3375.0","8.8","5.0","15.9","110.3","433.1","994.2","2126.5","254.3","21.8","122.6","6.0","12.6","10.3","12.8","-19.6"
"Cecil County","2008","7.2","1.3","100763","8","15","111","406","1187","2314","310","4351","9.7","540","12.4","-4.9","3811","87.6","12.2","4318.1","9.6","535.9","-5.0","3782.1","12.1","7.9","14.9","110.2","402.9","1178.0","2296.5","307.7","59.9","-6.3","-0.1","-7.0","18.5","8.0","21.0"
"Cecil County","2009","10.0","1.8","102047","2","23","155","566","977","2439","248","4410","1.4","746","16.9","38.1","3664","83.1","-3.9","4321.5","0.1","731.0","36.4","3590.5","-5.1","2.0","22.5","151.9","554.6","957.4","2390.1","243.0","-75.3","51.4","37.9","37.7","-18.7","4.1","-21.0"
"Cecil County","2010","10.5","2.0","102940","6","39","152","476","967","2263","195","4098","-7.1","673","16.4","-9.8","3425","83.6","-6.5","3981.0","-7.9","653.8","-10.6","3327.2","-7.3","5.8","37.9","147.7","462.4","939.4","2198.4","189.4","197.4","68.1","-2.8","-16.6","-1.9","-8.0","-22.1"
"Cecil County","2011","9.7","2.2","102067","4","28","161","386","898","2368","175","4020","-1.9","579","14.4","-14.0","3441","85.6","0.5","3938.6","-1.1","567.3","-13.2","3371.3","1.3","3.9","27.4","157.7","378.2","879.8","2320.0","171.5","-32.8","-27.6","6.8","-18.2","-6.3","5.5","-9.5"
"Cecil County","2012","11.9","1.9","102676","2","38","119","390","870","2365","138","3922","-2.4","549","14.0","-5.2","3373","86.0","-2.0","3819.8","-3.0","534.7","-5.7","3285.1","-2.6","1.9","37.0","115.9","379.8","847.3","2303.4","134.4","-50.3","34.9","-26.5","0.4","-3.7","-0.7","-21.6"
"Cecil County","2013","9.8","2.0","102068","5","26","86","319","806","1958","111","3311","-15.6","436","13.2","-20.6","2875","86.8","-14.8","3243.9","-15.1","427.2","-20.1","2816.7","-14.3","4.9","25.5","84.3","312.5","789.7","1918.3","108.8","151.5","-31.2","-27.3","-17.7","-6.8","-16.7","-19.1"
"Charles County","2006","6.2","1.1","139202","4","24","202","499","714","3117","435","4995","-0.7","729","14.6","-4.0","4266","85.4","-0.1","3588.3","-2.4","523.7","-5.6","3064.6","-1.8","2.9","17.2","145.1","358.5","512.9","2239.2","312.5","-1.7","-32.6","1.8","-6.6","7.3","2.5","-31.8"
"Charles County","2007","5.9","1.3","142320","4","33","198","611","756","3049","438","5089","1.9","846","16.6","16.0","4243","83.4","-0.5","3575.7","-0.4","594.4","13.5","2981.3","-2.7","2.8","23.2","139.1","429.3","531.2","2142.4","307.8","-2.2","34.5","-4.1","19.8","3.6","-4.3","-1.5"
"Charles County","2008","6.2","1.0","142039","10","26","187","571","753","3171","387","5105","0.3","794","15.6","-6.1","4311","84.4","1.6","3594.1","0.5","559.0","-6.0","3035.1","1.8","7.0","18.3","131.7","402.0","530.1","2232.5","272.5","150.5","-21.1","-5.4","-6.4","-0.2","4.2","-11.5"
"Charles County","2009","6.4","1.6","143833","7","35","185","474","598","2862","272","4433","-13.2","701","15.8","-11.7","3732","84.2","-13.4","3082.0","-14.2","487.4","-12.8","2594.7","-14.5","4.9","24.3","128.6","329.5","415.8","1989.8","189.1","-30.9","32.9","-2.3","-18.0","-21.6","-10.9","-30.6"
"Charles County","2010","6.2","1.4","145349","2","35","171","505","707","2715","290","4425","-0.2","713","16.1","1.7","3712","83.9","-0.5","3044.4","-1.2","490.5","0.7","2553.9","-1.6","1.4","24.1","117.6","347.4","486.4","1867.9","199.5","-71.7","-1.0","-8.5","5.4","17.0","-6.1","5.5"
"Charles County","2011","7.7","1.5","147940","3","26","176","383","767","2731","280","4366","-1.3","588","13.5","-17.5","3778","86.5","1.8","2951.2","-3.1","397.5","-19.0","2553.7","0.0","2.0","17.6","119.0","258.9","518.5","1846.0","189.3","47.4","-27.0","1.1","-25.5","6.6","-1.2","-5.1"
"Charles County","2012","8.6","1.3","150570","6","32","154","383","614","2543","186","3918","-10.3","575","14.7","-2.2","3343","85.3","-11.5","2602.1","-11.8","381.9","-3.9","2220.2","-13.1","4.0","21.3","102.3","254.4","407.8","1688.9","123.5","96.5","20.9","-14.0","-1.7","-21.3","-8.5","-34.7"
"Charles County","2013","8.0","1.5","152067","3","24","147","414","704","2631","192","4115","5.0","588","14.3","2.3","3527","85.7","5.5","2706.0","4.0","386.7","1.3","2319.4","4.5","2.0","15.8","96.7","272.2","463.0","1730.2","126.3","-50.5","-25.7","-5.5","7.0","13.5","2.4","2.2"
"Dorchester County","2006","14.3","2.7","31487","1","7","32","141","338","901","89","1509","14.3","181","12.0","4.0","1328","88.0","15.9","4792.5","13.1","574.8","2.9","4217.6","14.6","3.2","22.2","101.6","447.8","1073.5","2861.5","282.7","100.0","-23.1","-26.4","14.3","46.0","6.1","14.3"
"Dorchester County","2007","13.7","2.7","31500","5","5","49","101","265","871","56","1352","-10.4","160","11.8","-11.6","1192","88.2","-10.2","4292.1","-10.4","507.9","-11.6","3784.1","-10.3","15.9","15.9","155.6","320.6","841.3","2765.1","177.8","399.8","-28.6","53.1","-28.4","-21.6","-3.4","-37.1"
"Dorchester County","2008","14.3","2.7","31780","1","12","50","124","400","762","61","1410","4.3","187","13.3","16.9","1223","86.7","2.6","4436.8","3.4","588.4","15.8","3848.3","1.7","3.1","37.8","157.3","390.2","1258.7","2397.7","191.9","-80.2","137.9","1.1","21.7","49.6","-13.3","8.0"
"Dorchester County","2009","15.4","3.5","32317","0","11","28","144","253","681","26","1143","-18.9","183","16.0","-2.1","960","84.0","-21.5","3536.8","-20.3","566.3","-3.8","2970.6","-22.8","0.0","34.0","86.6","445.6","782.9","2107.3","80.5","-100.0","-9.9","-44.9","14.2","-37.8","-12.1","-58.1"
"Dorchester County","2010","16.2","3.2","32376","1","9","54","124","242","720","38","1188","3.9","188","15.8","2.7","1000","84.2","4.2","3669.4","3.7","580.7","2.5","3088.7","4.0","3.1","27.8","166.8","383.0","747.5","2223.9","117.4","100.0","-18.3","92.5","-14.0","-4.5","5.5","45.9"
"Dorchester County","2011","17.5","3.3","32927","1","10","21","110","271","825","48","1286","8.2","142","11.0","-24.5","1144","89.0","14.4","3905.6","6.4","431.3","-25.7","3474.4","12.5","3.0","30.4","63.8","334.1","823.0","2505.5","145.8","-1.7","9.3","-61.8","-12.8","10.1","12.7","24.2"
"Dorchester County","2012","18.4","2.9","32955","1","15","35","114","296","799","49","1309","1.8","165","12.6","16.2","1144","87.4","0.0","3972.1","1.7","500.7","16.1","3471.4","-0.1","3.0","45.5","106.2","345.9","898.2","2424.5","148.7","-0.1","49.9","66.5","3.5","9.1","-3.2","2.0"
"Dorchester County","2013","17.7","3.3","32578","0","6","36","108","188","763","19","1120","-14.4","150","13.4","-9.1","970","86.6","-15.2","3437.9","-13.4","460.4","-8.0","2977.5","-14.2","0.0","18.4","110.5","331.5","577.1","2342.1","58.3","-100.0","-59.5","4.0","-4.2","-35.8","-3.4","-60.8"
"Frederick County","2006","4.5","0.8","221305","9","35","181","527","872","2882","224","4730","11.1","752","15.9","2.2","3978","84.1","13.0","2137.3","10.1","339.8","1.3","1797.5","12.0","4.1","15.8","81.8","238.1","394.0","1302.3","101.2","791.9","15.6","21.2","-6.2","28.6","7.7","12.7"
"Frederick County","2007","5.3","1.0","225374","7","35","134","631","637","2964","247","4655","-1.6","807","17.3","7.3","3848","82.7","-3.3","2065.5","-3.4","358.1","5.4","1707.4","-5.0","3.1","15.5","59.5","280.0","282.6","1315.1","109.6","-23.6","-1.8","-27.3","17.6","-28.3","1.0","8.3"
"Frederick County","2008","5.4","0.9","226881","4","23","154","612","741","3200","239","4973","6.8","793","15.9","-1.7","4180","84.1","8.6","2191.9","6.1","349.5","-2.4","1842.4","7.9","1.8","10.1","67.9","269.7","326.6","1410.4","105.3","-43.2","-34.7","14.2","-3.7","15.6","7.2","-3.9"
"Frederick County","2009","5.7","1.0","230359","9","33","179","572","687","3082","175","4737","-4.7","793","16.7","0.0","3944","83.3","-5.6","2056.4","-6.2","344.2","-1.5","1712.1","-7.1","3.9","14.3","77.7","248.3","298.2","1337.9","76.0","121.6","41.3","14.5","-7.9","-8.7","-5.1","-27.9"
"Frederick County","2010","5.6","1.2","232717","3","34","205","486","692","3100","178","4698","-0.8","728","15.5","-8.2","3970","84.5","0.7","2018.8","-1.8","312.8","-9.1","1705.9","-0.4","1.3","14.6","88.1","208.8","297.4","1332.1","76.5","-67.0","2.0","13.4","-15.9","-0.3","-0.4","0.7"
"Frederick County","2011","6.6","1.2","235598","3","31","127","432","699","3107","174","4573","-2.7","593","13.0","-18.5","3980","87.0","0.3","1941.0","-3.9","251.7","-19.5","1689.3","-1.0","1.3","13.2","53.9","183.4","296.7","1318.8","73.9","-1.2","-9.9","-38.8","-12.2","-0.2","-1.0","-3.4"
"Frederick County","2012","6.8","1.1","239031","1","50","131","438","675","3105","198","4598","0.5","620","13.5","4.6","3978","86.5","-0.1","1923.6","-0.9","259.4","3.1","1664.2","-1.5","0.4","20.9","54.8","183.2","282.4","1299.0","82.8","-67.1","59.0","1.7","-0.1","-4.8","-1.5","12.2"
"Frederick County","2013","6.9","1.2","241868","5","18","141","450","742","3234","150","4740","3.1","614","13.0","-1.0","4126","87.0","3.7","1959.7","1.9","253.9","-2.1","1705.9","2.5","2.1","7.4","58.3","186.1","306.8","1337.1","62.0","394.1","-64.4","6.4","1.5","8.6","2.9","-25.1"
"Garrett County","2006","11.7","2.2","29991","2","7","3","51","156","346","22","587","11.0","63","10.7","1.6","524","89.3","12.2","1957.3","12.3","210.1","2.8","1747.2","13.6","6.7","23.3","10.0","170.1","520.2","1153.7","73.4","200.0","77.1","203.6","-9.4","16.1","12.2","17.2"
"Garrett County","2007","12.9","2.5","29619","0","6","2","56","161","359","26","610","3.9","64","10.5","1.6","546","89.5","4.2","2059.5","5.2","216.1","2.9","1843.4","5.5","0.0","20.3","6.8","189.1","543.6","1212.1","87.8","-100.0","-13.2","-32.5","11.2","4.5","5.1","19.7"
"Garrett County","2008","15.0","2.6","29391","2","2","5","62","171","341","29","612","0.3","71","11.6","10.9","541","88.4","-0.9","2082.3","1.1","241.6","11.8","1840.7","-0.1","6.8","6.8","17.0","210.9","581.8","1160.2","98.7","200.0","-66.4","151.9","11.6","7.0","-4.3","12.4"
"Garrett County","2009","12.6","3.0","29830","0","4","1","63","170","322","14","574","-6.2","68","11.8","-4.2","506","88.2","-6.5","1924.2","-7.6","228.0","-5.6","1696.3","-7.8","0.0","13.4","3.4","211.2","569.9","1079.5","46.9","-100.0","97.1","-80.3","0.1","-2.0","-7.0","-52.4"
"Garrett County","2010","15.1","3.1","29696","1","2","2","44","158","299","26","532","-7.3","49","9.2","-27.9","483","90.8","-4.5","1791.5","-6.9","165.0","-27.6","1626.5","-4.1","3.4","6.7","6.7","148.2","532.1","1006.9","87.6","100.0","-49.8","100.9","-29.8","-6.6","-6.7","86.6"
"Garrett County","2011","12.0","2.9","30382","2","5","3","60","190","339","22","621","16.7","70","11.3","42.9","551","88.7","14.1","2044.0","14.1","230.4","39.6","1813.6","11.5","6.6","16.5","9.9","197.5","625.4","1115.8","72.4","95.5","144.4","46.6","33.3","17.5","10.8","-17.3"
"Garrett County","2012","14.5","2.6","30341","1","1","5","64","164","351","25","611","-1.6","71","11.6","1.4","540","88.4","-2.0","2013.8","-1.5","234.0","1.6","1779.8","-1.9","3.3","3.3","16.5","210.9","540.5","1156.9","82.4","-49.9","-80.0","66.9","6.8","-13.6","3.7","13.8"
"Garrett County","2013","15.9","2.9","29839","0","2","5","121","174","375","23","700","14.6","128","18.3","80.3","572","81.7","5.9","2345.9","16.5","429.0","83.3","1917.0","7.7","0.0","6.7","16.8","405.5","583.1","1256.7","77.1","-100.0","103.4","1.7","92.2","7.9","8.6","-6.5"
"Harford County","2006","4.7","0.8","239914","9","36","202","579","990","3332","437","5585","-3.0","826","14.8","-2.2","4759","85.2","-3.1","2327.9","-4.0","344.3","-3.3","1983.6","-4.1","3.8","15.0","84.2","241.3","412.6","1388.8","182.1","345.3","18.7","3.6","-7.6","1.9","-8.2","20.4"
"Harford County","2007","5.6","1.0","242818","8","50","212","663","1097","3453","467","5950","6.5","933","15.7","13.0","5017","84.3","5.4","2450.4","5.3","384.2","11.6","2066.2","4.2","3.3","20.6","87.3","273.0","451.8","1422.1","192.3","-12.2","37.2","3.7","13.1","9.5","2.4","5.6"
"Harford County","2008","5.7","0.9","240963","6","66","245","562","1155","3663","403","6100","2.5","879","14.4","-5.8","5221","85.6","4.1","2531.5","3.3","364.8","-5.1","2166.7","4.9","2.5","27.4","101.7","233.2","479.3","1520.2","167.2","-24.4","33.0","16.5","-14.6","6.1","6.9","-13.0"
"Harford County","2009","6.2","1.2","243988","4","60","228","592","809","3482","251","5426","-11.0","884","16.3","0.6","4542","83.7","-13.0","2223.9","-12.2","362.3","-0.7","1861.6","-14.1","1.6","24.6","93.4","242.6","331.6","1427.1","102.9","-34.2","-10.2","-8.1","4.0","-30.8","-6.1","-38.5"
"Harford County","2010","6.9","1.4","246347","6","63","196","588","889","3377","236","5355","-1.3","853","15.9","-3.5","4502","84.1","-0.9","2173.8","-2.3","346.3","-4.4","1827.5","-1.8","2.4","25.6","79.6","238.7","360.9","1370.8","95.8","48.6","4.0","-14.9","-1.6","8.8","-3.9","-6.9"
"Harford County","2011","8.3","1.2","247147","5","39","148","451","779","2965","207","4594","-14.2","643","14.0","-24.6","3951","86.0","-12.2","1858.8","-14.5","260.2","-24.9","1598.6","-12.5","2.0","15.8","59.9","182.5","315.2","1199.7","83.8","-16.9","-38.3","-24.7","-23.5","-12.7","-12.5","-12.6"
"Harford County","2012","7.9","1.0","248869","3","54","156","484","1019","2806","206","4728","2.9","697","14.7","8.4","4031","85.3","2.0","1899.8","2.2","280.1","7.6","1619.7","1.3","1.2","21.7","62.7","194.5","409.5","1127.5","82.8","-40.4","37.5","4.7","6.6","29.9","-6.0","-1.2"
"Harford County","2013","7.4","1.2","250244","5","69","178","410","845","3087","131","4725","-0.1","662","14.0","-5.0","4063","86.0","0.8","1888.2","-0.6","264.5","-5.5","1623.6","0.2","2.0","27.6","71.1","163.8","337.7","1233.6","52.3","65.8","27.1","13.5","-15.8","-17.5","9.4","-36.8"
"Howard County","2006","4.3","0.7","270195","5","42","279","298","1324","5180","656","7784","-0.1","624","8.0","1.5","7160","92.0","-0.3","2880.9","-0.6","230.9","0.9","2649.9","-0.8","1.9","15.5","103.3","110.3","490.0","1917.1","242.8","24.3","-0.5","5.5","-3.1","7.5","-4.7","20.0"
"Howard County","2007","4.5","0.8","273642","5","36","247","302","1242","5444","551","7827","0.6","590","7.5","-5.4","7237","92.5","1.1","2860.3","-0.7","215.6","-6.6","2644.7","-0.2","1.8","13.2","90.3","110.4","453.9","1989.5","201.4","-1.3","-15.4","-12.6","0.1","-7.4","3.8","-17.1"
"Howard County","2008","4.3","0.8","274874","4","36","259","406","1376","6346","534","8961","14.5","705","7.9","19.5","8256","92.1","14.1","3260.0","14.0","256.5","19.0","3003.6","13.6","1.5","13.1","94.2","147.7","500.6","2308.7","194.3","-20.4","-0.4","4.4","33.8","10.3","16.0","-3.5"
"Howard County","2009","4.5","1.0","279350","2","44","262","443","1209","5418","393","7771","-13.3","751","9.7","6.5","7020","90.3","-15.0","2781.8","-14.7","268.8","4.8","2513.0","-16.3","0.7","15.8","93.8","158.6","432.8","1939.5","140.7","-50.8","20.3","-0.5","7.4","-13.5","-16.0","-27.6"
"Howard County","2010","5.2","1.1","286963","5","26","222","313","1393","5023","389","7371","-5.1","566","7.7","-24.6","6805","92.3","-3.1","2568.6","-7.7","197.2","-26.6","2371.4","-5.6","1.7","9.1","77.4","109.1","485.4","1750.4","135.6","143.4","-42.5","-17.5","-31.2","12.2","-9.8","-3.6"
"Howard County","2011","6.0","1.1","289807","6","33","215","354","1110","5094","374","7186","-2.5","608","8.5","7.4","6578","91.5","-3.3","2479.6","-3.5","209.8","6.4","2269.8","-4.3","2.1","11.4","74.2","122.2","383.0","1757.7","129.1","18.8","25.7","-4.1","12.0","-21.1","0.4","-4.8"
"Howard County","2012","5.3","1.0","295972","5","33","178","364","1185","4921","313","6999","-2.6","580","8.3","-4.6","6419","91.7","-2.4","2364.8","-4.6","196.0","-6.6","2168.8","-4.4","1.7","11.1","60.1","123.0","400.4","1662.7","105.8","-18.4","-2.1","-18.9","0.7","4.5","-5.4","-18.1"
"Howard County","2013","5.3","1.1","303727","5","40","204","376","1032","4840","254","6751","-3.5","625","9.3","7.8","6126","90.7","-4.6","2222.7","-6.0","205.8","5.0","2016.9","-7.0","1.6","13.2","67.2","123.8","339.8","1593.5","83.6","-2.6","18.1","11.7","0.7","-15.1","-4.2","-20.9"
"Kent County","2006","10.3","1.9","19954","0","2","15","59","125","249","17","467","18.5","76","16.3","-14.6","391","83.7","28.2","2340.4","17.2","380.9","-15.6","1959.5","26.8","0.0","10.0","75.2","295.7","626.4","1247.9","85.2","-100.0","-50.6","-1.1","-15.4","42.1","26.9","-30.0"
"Kent County","2007","12.7","2.5","19926","0","2","11","67","141","201","12","434","-7.1","80","18.4","5.3","354","81.6","-9.5","2178.1","-6.9","401.5","5.4","1776.6","-9.3","0.0","10.0","55.2","336.2","707.6","1008.7","60.2","0.0","0.1","-26.6","13.7","13.0","-19.2","-29.3"
"Kent County","2008","12.0","2.5","19936","1","7","19","86","158","234","25","530","22.1","113","21.3","41.3","417","78.7","17.8","2658.5","22.1","566.8","41.2","2091.7","17.7","5.0","35.1","95.3","431.4","792.5","1173.8","125.4","100.0","249.8","72.6","28.3","12.0","16.4","108.2"
"Kent County","2009","14.4","3.0","20351","1","1","14","70","130","195","13","424","-20.0","86","20.3","-23.9","338","79.7","-18.9","2083.4","-21.6","422.6","-25.4","1660.9","-20.6","4.9","4.9","68.8","344.0","638.8","958.2","63.9","-2.0","-86.0","-27.8","-20.3","-19.4","-18.4","-49.1"
"Kent County","2010","14.2","3.1","20464","0","3","13","36","134","212","21","419","-1.2","52","12.4","-39.5","367","87.6","8.6","2047.5","-1.7","254.1","-39.9","1793.4","8.0","0.0","14.7","63.5","175.9","654.8","1036.0","102.6","-100.0","198.3","-7.7","-48.9","2.5","8.1","60.6"
"Kent County","2011","13.9","3.4","20388","0","3","9","53","165","209","16","455","8.6","65","14.3","25.0","390","85.7","6.3","2231.7","9.0","318.8","25.5","1912.9","6.7","0.0","14.7","44.1","260.0","809.3","1025.1","78.5","0.0","0.4","-30.5","47.8","23.6","-1.0","-23.5"
"Kent County","2012","14.0","3.1","20399","0","7","21","57","113","234","9","441","-3.1","85","19.3","30.8","356","80.7","-8.7","2161.9","-3.1","416.7","30.7","1745.2","-8.8","0.0","34.3","102.9","279.4","553.9","1147.1","44.1","0.0","133.2","133.2","7.5","-31.6","11.9","-43.8"
"Kent County","2013","14.9","3.2","20232","0","0","22","42","100","227","10","401","-9.1","64","16.0","-24.7","337","84.0","-5.3","1982.0","-8.3","316.3","-24.1","1665.7","-4.6","0.0","0.0","108.7","207.6","494.3","1122.0","49.4","0.0","-100.0","5.6","-25.7","-10.8","-2.2","12.0"
"Montgomery County","2006","4.8","0.5","930123","19","145","1261","879","3932","17466","2640","26342","4.9","2304","8.7","4.9","24038","91.3","4.9","2832.1","4.8","247.7","4.8","2584.4","4.8","2.0","15.6","135.6","94.5","422.7","1877.8","283.8","-9.7","-7.8","13.5","-3.4","5.3","5.6","-1.3"
"Montgomery County","2007","5.1","0.7","932846","20","133","1189","865","3708","18181","2634","26730","1.5","2207","8.3","-4.2","24523","91.7","2.0","2865.4","1.2","236.6","-4.5","2628.8","1.7","2.1","14.3","127.5","92.7","397.5","1949.0","282.4","5.0","-8.5","-6.0","-1.9","-6.0","3.8","-0.5"
"Montgomery County","2008","5.8","0.6","943025","21","136","1192","882","3760","19678","2384","28053","4.9","2231","8.0","1.1","25822","92.0","5.3","2974.8","3.8","236.6","0.0","2738.2","4.2","2.2","14.4","126.4","93.5","398.7","2086.7","252.8","3.9","1.2","-0.8","0.9","0.3","7.1","-10.5"
"Montgomery County","2009","6.7","0.8","963898","13","130","1062","957","3142","19106","1824","26234","-6.5","2162","8.2","-3.1","24072","91.8","-6.8","2721.7","-8.5","224.3","-5.2","2497.4","-8.8","1.3","13.5","110.2","99.3","326.0","1982.2","189.2","-39.4","-6.5","-12.8","6.2","-18.2","-5.0","-25.1"
"Montgomery County","2010","7.5","0.8","987166","16","123","975","683","3486","15830","1530","22643","-13.7","1797","7.9","-16.9","20846","92.1","-13.4","2293.7","-15.7","182.0","-18.8","2111.7","-15.4","1.6","12.5","98.8","69.2","353.1","1603.6","155.0","20.2","-7.6","-10.4","-30.3","8.3","-19.1","-18.1"
"Montgomery County","2011","6.7","0.8","980991","15","115","878","681","3203","14046","1278","20216","-10.7","1689","8.4","-6.0","18527","91.6","-11.1","2060.8","-10.2","172.2","-5.4","1888.6","-10.6","1.5","11.7","89.5","69.4","326.5","1431.8","130.3","-5.7","-5.9","-9.4","0.3","-7.5","-10.7","-15.9"
"Montgomery County","2012","6.6","0.8","999353","14","106","878","876","2685","13636","1073","19268","-4.7","1874","9.7","11.0","17394","90.3","-6.1","1928.0","-6.4","187.5","8.9","1740.5","-7.8","1.4","10.6","87.9","87.7","268.7","1364.5","107.4","-8.4","-9.5","-1.8","26.3","-17.7","-4.7","-17.6"
"Montgomery County","2013","7.0","0.9","1016455","9","135","812","813","2728","12628","913","18038","-6.4","1769","9.8","-5.6","16269","90.2","-6.5","1774.6","-8.0","174.0","-7.2","1600.6","-8.0","0.9","13.3","79.9","80.0","268.4","1242.4","89.8","-36.8","25.2","-9.1","-8.8","-0.1","-9.0","-16.3"
"Prince George's County","2006","7.7","0.8","848440","130","287","4094","3970","6903","26171","12944","54499","-13.0","8481","15.6","-10.7","46018","84.4","-13.4","6423.4","-12.9","999.6","-10.6","5423.8","-13.3","15.3","33.8","482.5","467.9","813.6","3084.6","1525.6","-20.6","-5.8","-20.8","3.1","-7.2","-7.9","-24.8"
"Prince George's County","2007","8.1","0.9","841216","141","267","3831","3276","7188","25384","11646","51733","-5.1","7515","14.5","-11.4","44218","85.5","-3.9","6149.8","-4.3","893.3","-10.6","5256.4","-3.1","16.8","31.7","455.4","389.4","854.5","3017.5","1384.4","9.4","-6.2","-5.6","-16.8","5.0","-2.2","-9.3"
"Prince George's County","2008","6.7","0.7","826094","122","250","3765","3263","8209","25916","9743","51268","-0.9","7400","14.4","-1.5","43868","85.6","-0.8","6206.1","0.9","895.8","0.3","5310.3","1.0","14.8","30.3","455.8","395.0","993.7","3137.2","1179.4","-11.9","-4.7","0.1","1.4","16.3","4.0","-14.8"
"Prince George's County","2009","7.8","1.1","826893","96","221","3324","2980","8219","22660","7266","44766","-12.7","6621","14.8","-10.5","38145","85.2","-13.0","5413.8","-12.8","800.7","-10.6","4613.1","-13.1","11.6","26.7","402.0","360.4","994.0","2740.4","878.7","-21.4","-11.7","-11.8","-8.8","0.0","-12.6","-25.5"
"Prince George's County","2010","9.4","1.2","842550","91","204","3126","2781","8055","22116","6700","43073","-3.8","6202","14.4","-6.3","36871","85.6","-3.3","5112.2","-5.6","736.1","-8.1","4376.1","-5.1","10.8","24.2","371.0","330.1","956.0","2624.9","795.2","-7.0","-9.4","-7.7","-8.4","-3.8","-4.2","-9.5"
"Prince George's County","2011","9.4","1.0","871606","95","183","2545","2346","6985","20013","5943","38110","-11.5","5169","13.6","-16.7","32941","86.4","-10.7","4372.4","-14.5","593.0","-19.4","3779.3","-13.6","10.9","21.0","292.0","269.2","801.4","2296.1","681.8","0.9","-13.3","-21.3","-18.5","-16.2","-12.5","-14.3"
"Prince George's County","2012","10.3","0.9","879645","63","173","2450","2260","6046","19988","5092","36072","-5.3","4946","13.7","-4.3","31126","86.3","-5.5","4100.7","-6.2","562.3","-5.2","3538.5","-6.4","7.2","19.7","278.5","256.9","687.3","2272.3","578.9","-34.3","-6.3","-4.6","-4.5","-14.2","-1.0","-15.1"
"Prince George's County","2013","9.9","1.0","888070","56","176","2012","2246","5733","18542","4293","33058","-8.4","4490","13.6","-9.2","28568","86.4","-8.2","3722.5","-9.2","505.6","-10.1","3216.9","-9.1","6.3","19.8","226.6","252.9","645.6","2087.9","483.4","-12.0","0.8","-18.7","-1.6","-6.1","-8.1","-16.5"
"Queen Anne's County","2006","6.5","1.3","45737","0","4","11","113","268","674","46","1116","11.4","128","11.5","77.8","988","88.5","6.2","2440.0","10.6","279.9","76.5","2160.2","5.5","0.0","8.7","24.1","247.1","586.0","1473.6","100.6","-100.0","-73.5","-27.2","173.7","21.0","1.1","-4.8"
"Queen Anne's County","2007","6.1","1.4","46703","0","6","18","118","220","676","49","1087","-2.6","142","13.1","10.9","945","86.9","-4.4","2327.5","-4.6","304.0","8.6","2023.4","-6.3","0.0","12.8","38.5","252.7","471.1","1447.4","104.9","0.0","46.9","60.3","2.3","-19.6","-1.8","4.3"
"Queen Anne's County","2008","6.3","1.2","47016","1","15","13","132","210","685","56","1112","2.3","161","14.5","13.4","951","85.5","0.6","2365.2","1.6","342.4","12.6","2022.7","0.0","2.1","31.9","27.7","280.8","446.7","1457.0","119.1","100.0","148.3","-28.3","11.1","-5.2","0.7","13.5"
"Queen Anne's County","2009","7.3","1.7","48088","0","12","9","96","206","681","30","1034","-7.0","117","11.3","-27.3","917","88.7","-3.6","2150.2","-9.1","243.3","-28.9","1906.9","-5.7","0.0","25.0","18.7","199.6","428.4","1416.2","62.4","-100.0","-21.8","-32.3","-28.9","-4.1","-2.8","-47.6"
"Queen Anne's County","2010","7.3","1.7","49023","2","11","8","99","213","741","28","1102","6.6","120","10.9","2.6","982","89.1","7.1","2247.9","4.5","244.8","0.6","2003.1","5.0","4.1","22.4","16.3","201.9","434.5","1511.5","57.1","200.0","-10.1","-12.8","1.2","1.4","6.7","-8.4"
"Queen Anne's County","2011","8.7","1.7","48251","3","5","21","120","207","700","43","1099","-0.3","149","13.6","24.2","950","86.4","-3.3","2277.7","1.3","308.8","26.2","1968.9","-1.7","6.2","10.4","43.5","248.7","429.0","1450.7","89.1","52.4","-53.8","166.7","23.2","-1.3","-4.0","56.0"
"Queen Anne's County","2012","8.2","1.6","48821","1","2","8","82","169","623","29","914","-16.8","93","10.2","-37.6","821","89.8","-13.6","1872.1","-17.8","190.5","-38.3","1681.7","-14.6","2.0","4.1","16.4","168.0","346.2","1276.1","59.4","-67.1","-60.5","-62.3","-32.5","-19.3","-12.0","-33.3"
"Queen Anne's County","2013","8.4","1.8","48932","2","5","22","87","247","576","22","961","5.1","116","12.1","24.7","845","87.9","2.9","1963.9","4.9","237.1","24.4","1726.9","2.7","4.1","10.2","45.0","177.8","504.8","1177.1","45.0","99.5","149.4","174.4","5.9","45.8","-7.8","-24.3"
"Somerset County","2006","21.1","3.9","25916","2","4","18","103","270","577","37","1011","15.8","127","12.6","2.4","884","87.4","18.0","3901.1","16.5","490.0","3.0","3411.0","18.7","7.7","15.4","69.5","397.4","1041.8","2226.4","142.8","101.1","34.1","-35.4","12.6","22.3","16.0","37.8"
"Somerset County","2007","23.0","4.7","25722","0","6","21","95","202","506","29","859","-15.0","122","14.2","-3.9","737","85.8","-16.6","3339.6","-14.4","474.3","-3.2","2865.3","-16.0","0.0","23.3","81.6","369.3","785.3","1967.2","112.7","-100.0","51.1","17.5","-7.1","-24.6","-11.6","-21.0"
"Somerset County","2008","23.1","4.6","25996","2","4","20","68","181","488","35","798","-7.1","94","11.8","-23.0","704","88.2","-4.5","3069.7","-8.1","361.6","-23.8","2708.1","-5.5","7.7","15.4","76.9","261.6","696.3","1877.2","134.6","200.0","-34.0","-5.8","-29.2","-11.3","-4.6","19.4"
"Somerset County","2009","24.0","5.9","26409","1","7","25","68","268","420","12","801","0.4","101","12.6","7.4","700","87.4","-0.6","3033.1","-1.2","382.4","5.8","2650.6","-2.1","3.8","26.5","94.7","257.5","1014.8","1590.4","45.4","-50.8","72.3","23.0","-1.6","45.8","-15.3","-66.3"
"Somerset County","2010","19.3","5.5","26236","1","2","17","66","163","387","19","655","-18.2","86","13.1","-14.9","569","86.9","-18.7","2496.6","-17.7","327.8","-14.3","2168.8","-18.2","3.8","7.6","64.8","251.6","621.3","1475.1","72.4","0.7","-71.2","-31.6","-2.3","-38.8","-7.2","59.4"
"Somerset County","2011","26.2","6.0","26721","2","2","19","58","163","405","13","662","1.1","81","12.2","-5.8","581","87.8","2.1","2477.5","-0.8","303.1","-7.5","2174.3","0.3","7.5","7.5","71.1","217.1","610.0","1515.7","48.7","96.4","-1.8","9.7","-13.7","-1.8","2.8","-32.8"
"Somerset County","2012","29.6","6.2","26593","3","9","9","54","147","338","9","569","-14.0","75","13.2","-7.4","494","86.8","-15.0","2139.7","-13.6","282.0","-7.0","1857.6","-14.6","11.3","33.8","33.8","203.1","552.8","1271.0","33.8","50.7","352.2","-52.4","-6.4","-9.4","-16.1","-30.4"
"Somerset County","2013","28.5","5.7","26226","2","8","14","47","126","371","17","585","2.8","71","12.1","-5.3","514","87.9","4.0","2230.6","4.3","270.7","-4.0","1959.9","5.5","7.6","30.5","53.4","179.2","480.4","1414.6","64.8","-32.4","-9.9","57.7","-11.7","-13.1","11.3","91.5"
"St. Mary's County","2006","7.5","1.4","96782","5","15","61","239","557","1662","177","2716","17.2","320","11.8","-11.1","2396","88.2","22.4","2806.3","15.8","330.6","-12.2","2475.7","20.9","5.2","15.5","63.0","246.9","575.5","1717.3","182.9","394.1","-38.2","34.0","-18.6","32.6","17.2","23.2"
"St. Mary's County","2007","7.7","1.5","99909","1","15","45","266","616","1605","128","2676","-1.5","327","12.2","2.2","2349","87.8","-2.0","2678.4","-4.6","327.3","-1.0","2351.1","-5.0","1.0","15.0","45.0","266.2","616.6","1606.5","128.1","-80.6","-3.1","-28.5","7.8","7.1","-6.5","-29.9"
"St. Mary's County","2008","7.4","1.4","101533","2","11","44","247","519","1567","135","2525","-5.6","304","12.0","-7.0","2221","88.0","-5.4","2486.9","-7.2","299.4","-8.5","2187.5","-7.0","2.0","10.8","43.3","243.3","511.2","1543.3","133.0","96.8","-27.8","-3.8","-8.6","-17.1","-3.9","3.8"
"St. Mary's County","2009","8.5","1.7","103916","0","20","45","243","435","1506","115","2364","-6.4","308","13.0","1.3","2056","87.0","-7.4","2274.9","-8.5","296.4","-1.0","1978.5","-9.6","0.0","19.2","43.3","233.8","418.6","1449.2","110.7","-100.0","77.6","-0.1","-3.9","-18.1","-6.1","-16.8"
"St. Mary's County","2010","7.5","1.9","105411","4","12","40","267","486","1655","103","2567","8.6","323","12.6","4.9","2244","87.4","9.1","2435.2","7.0","306.4","3.4","2128.8","7.6","3.8","11.4","37.9","253.3","461.1","1570.0","97.7","400.0","-40.9","-12.4","8.3","10.1","8.3","-11.7"
"St. Mary's County","2011","8.6","1.8","106148","1","23","61","186","712","1841","133","2957","15.2","271","9.2","-16.1","2686","90.8","19.7","2785.7","14.4","255.3","-16.7","2530.4","18.9","0.9","21.7","57.5","175.2","670.8","1734.4","125.3","-75.2","90.3","51.4","-30.8","45.5","10.5","28.2"
"St. Mary's County","2012","8.4","1.7","108522","0","12","51","194","753","1938","87","3035","2.6","257","8.5","-5.2","2778","91.5","3.4","2796.7","0.4","236.8","-7.2","2559.8","1.2","0.0","11.1","47.0","178.8","693.9","1785.8","80.2","-100.0","-49.0","-18.2","2.0","3.4","3.0","-36.0"
"St. Mary's County","2013","8.2","1.8","110294","3","6","62","172","641","1741","119","2744","-9.6","243","8.9","-5.4","2501","91.1","-10.0","2487.9","-11.0","220.3","-7.0","2267.6","-11.4","2.7","5.4","56.2","155.9","581.2","1578.5","107.9","300.0","-50.8","19.6","-12.8","-16.2","-11.6","34.6"
"Talbot County","2006","7.7","1.5","35781","0","9","31","76","186","717","35","1054","5.3","116","11.0","-5.7","938","89.0","6.8","2945.7","3.8","324.2","-7.0","2621.5","5.3","0.0","25.2","86.6","212.4","519.8","2003.9","97.8","-100.0","-11.3","13.2","-9.7","8.5","3.5","32.7"
"Talbot County","2007","8.3","1.8","36063","0","7","29","76","174","755","37","1078","2.3","112","10.4","-3.4","966","89.6","3.0","2989.2","1.5","310.6","-4.2","2678.6","2.2","0.0","19.4","80.4","210.7","482.5","2093.6","102.6","0.0","-22.8","-7.2","-0.8","-7.2","4.5","4.9"
"Talbot County","2008","8.3","1.6","36232","2","13","34","109","211","798","46","1213","12.5","158","13.0","41.1","1055","87.0","9.2","3347.9","12.0","436.1","40.4","2911.8","8.7","5.5","35.9","93.8","300.8","582.4","2202.5","127.0","200.0","84.8","16.7","42.8","20.7","5.2","23.7"
"Talbot County","2009","8.8","2.2","36662","1","5","23","57","229","728","19","1062","-12.4","86","8.1","-45.6","976","91.9","-7.5","2896.7","-13.5","234.6","-46.2","2662.2","-8.6","2.7","13.6","62.7","155.5","624.6","1985.7","51.8","-50.6","-62.0","-33.1","-48.3","7.3","-9.8","-59.2"
"Talbot County","2010","9.7","2.2","36717","2","7","18","54","175","680","22","958","-9.8","81","8.5","-5.8","877","91.5","-10.1","2609.1","-9.9","220.6","-6.0","2388.5","-10.3","5.4","19.1","49.0","147.1","476.6","1852.0","59.9","99.7","39.8","-21.9","-5.4","-23.7","-6.7","15.6"
"Talbot County","2011","10.8","2.2","38140","0","6","23","56","227","664","31","1007","5.1","85","8.4","4.9","922","91.6","5.1","2640.3","1.2","222.9","1.0","2417.4","1.2","0.0","15.7","60.3","146.8","595.2","1741.0","81.3","-100.0","-17.5","23.0","-0.2","24.9","-6.0","35.7"
"Talbot County","2012","9.7","2.1","38392","0","13","18","58","242","610","18","959","-4.8","89","9.3","4.7","870","90.7","-5.6","2497.9","-5.4","231.8","4.0","2266.1","-6.3","0.0","33.9","46.9","151.1","630.3","1588.9","46.9","0.0","115.2","-22.3","2.9","5.9","-8.7","-42.3"
"Talbot County","2013","10.9","2.2","38253","1","9","15","48","194","459","11","737","-23.1","73","9.9","-18.0","664","90.1","-23.7","1926.6","-22.9","190.8","-17.7","1735.8","-23.4","2.6","23.5","39.2","125.5","507.1","1199.9","28.8","100.0","-30.5","-16.4","-16.9","-19.5","-24.5","-38.7"
"Washington County","2006","9.5","1.5","142284","4","28","158","378","786","2367","300","4021","6.1","568","14.1","9.0","3453","85.9","5.6","2826.0","4.9","399.2","7.8","2426.8","4.4","2.8","19.7","111.0","265.7","552.4","1663.6","210.8","-1.1","53.8","40.7","-3.7","10.7","1.5","13.7"
"Washington County","2007","10.5","1.6","144219","7","38","137","324","679","2338","240","3763","-6.4","506","13.4","-10.9","3257","86.6","-5.7","2609.2","-7.7","350.9","-12.1","2258.4","-6.9","4.9","26.3","95.0","224.7","470.8","1621.1","166.4","72.7","33.9","-14.5","-15.4","-14.8","-2.6","-21.1"
"Washington County","2008","9.4","1.4","145781","3","15","116","308","701","2234","246","3623","-3.7","442","12.2","-12.6","3181","87.8","-2.3","2485.2","-4.8","303.2","-13.6","2182.0","-3.4","2.1","10.3","79.6","211.3","480.9","1532.4","168.7","-57.6","-60.9","-16.2","-6.0","2.1","-5.5","1.4"
"Washington County","2009","12.4","1.9","147664","2","25","96","272","625","2057","182","3259","-10.0","395","12.1","-10.6","2864","87.9","-10.0","2207.0","-11.2","267.5","-11.8","1939.5","-11.1","1.4","16.9","65.0","184.2","423.3","1393.0","123.3","-34.2","64.5","-18.3","-12.8","-12.0","-9.1","-27.0"
"Washington County","2010","11.4","2.1","148210","0","25","115","306","692","2145","191","3474","6.6","446","12.8","12.9","3028","87.2","5.7","2344.0","6.2","300.9","12.5","2043.0","5.3","0.0","16.9","77.6","206.5","466.9","1447.3","128.9","-100.0","-0.4","19.4","12.1","10.3","3.9","4.6"
"Washington County","2011","11.8","1.7","148828","2","9","97","342","862","2213","153","3678","5.9","450","12.2","0.9","3228","87.8","6.6","2471.3","5.4","302.4","0.5","2168.9","6.2","1.3","6.0","65.2","229.8","579.2","1487.0","102.8","200.0","-64.1","-16.0","11.3","24.0","2.7","-20.2"
"Washington County","2012","13.7","1.9","149634","3","21","104","259","809","2038","214","3448","-6.3","387","11.2","-14.0","3061","88.8","-5.2","2304.3","-6.8","258.6","-14.5","2045.7","-5.7","2.0","14.0","69.5","173.1","540.7","1362.0","143.0","49.2","132.1","6.6","-24.7","-6.7","-8.4","39.1"
"Washington County","2013","12.0","2.1","149938","6","18","121","243","785","2153","166","3492","1.3","388","11.1","0.3","3104","88.9","1.4","2329.0","1.1","258.8","0.1","2070.2","1.2","4.0","12.0","80.7","162.1","523.5","1435.9","110.7","99.6","-14.5","16.1","-6.4","-3.2","5.4","-22.6"
"Wicomico County","2006","12.3","2.0","90650","8","45","266","612","1130","3026","258","5345","5.8","931","17.4","0.9","4414","82.6","6.9","5896.3","4.4","1027.0","-0.5","4869.3","5.4","8.8","49.6","293.4","675.1","1246.6","3338.1","284.6","97.4","30.6","24.4","-10.4","3.3","4.9","24.2"
"Wicomico County","2007","13.2","2.1","92169","5","42","230","533","1070","2746","191","4817","-9.9","810","16.8","-13.0","4007","83.2","-9.2","5226.3","-11.4","878.8","-14.4","4347.4","-10.7","5.4","45.6","249.5","578.3","1160.9","2979.3","207.2","-38.5","-8.2","-15.0","-14.3","-6.9","-10.7","-27.2"
"Wicomico County","2008","12.8","1.9","94080","6","35","211","758","1036","2738","217","5001","3.8","1010","20.2","24.7","3991","79.8","-0.4","5315.7","1.7","1073.6","22.2","4242.1","-2.4","6.4","37.2","224.3","805.7","1101.2","2910.3","230.7","17.6","-18.4","-10.1","39.3","-5.1","-2.3","11.3"
"Wicomico County","2009","13.2","2.5","95595","6","32","249","639","1285","2816","169","5196","3.9","926","17.8","-8.3","4270","82.2","7.0","5435.4","2.3","968.7","-9.8","4466.8","5.3","6.3","33.5","260.5","668.4","1344.2","2945.8","176.8","-1.6","-10.0","16.1","-17.0","22.1","1.2","-23.4"
"Wicomico County","2010","16.6","2.8","95757","10","32","183","505","1124","2604","139","4597","-11.5","730","15.9","-21.2","3867","84.1","-9.4","4800.7","-11.7","762.3","-21.3","4038.3","-9.6","10.4","33.4","191.1","527.4","1173.8","2719.4","145.2","66.4","-0.2","-26.6","-21.1","-12.7","-7.7","-17.9"
"Wicomico County","2011","17.7","2.6","99669","4","25","106","448","893","2381","111","3968","-13.7","583","14.7","-20.1","3385","85.3","-12.5","3981.2","-17.1","584.9","-23.3","3396.2","-15.9","4.0","25.1","106.4","449.5","896.0","2388.9","111.4","-61.6","-24.9","-44.3","-14.8","-23.7","-12.2","-23.3"
"Wicomico County","2012","16.7","2.6","100148","5","30","148","371","764","2490","108","3916","-1.3","554","14.1","-5.0","3362","85.9","-0.7","3910.2","-1.8","553.2","-5.4","3357.0","-1.2","5.0","30.0","147.8","370.5","762.9","2486.3","107.8","24.4","19.4","39.0","-17.6","-14.9","4.1","-3.2"
"Wicomico County","2013","16.5","2.8","101431","3","38","142","321","837","2420","111","3872","-1.1","504","13.0","-9.0","3368","87.0","0.2","3817.4","-2.4","496.9","-10.2","3320.5","-1.1","3.0","37.5","140.0","316.5","825.2","2385.9","109.4","-40.8","25.1","-5.3","-14.6","8.2","-4.0","1.5"
"Worcester County","2006","9.3","1.8","48884","2","20","42","284","424","1794","106","2672","5.5","348","13.0","-17.7","2324","87.0","10.2","5466.0","6.5","711.9","-17.0","4754.1","11.2","4.1","40.9","85.9","581.0","867.4","3669.9","216.8","0.9","-19.2","-28.1","-14.9","0.2","14.5","5.9"
"Worcester County","2007","9.2","1.9","48779","1","28","55","206","409","1788","80","2567","-3.9","290","11.3","-16.7","2277","88.7","-2.0","5262.5","-3.7","594.5","-16.5","4668.0","-1.8","2.1","57.4","112.8","422.3","838.5","3665.5","164.0","-49.9","40.3","31.2","-27.3","-3.3","-0.1","-24.4"
"Worcester County","2008","10.5","2.0","49355","4","8","53","169","423","1905","80","2642","2.9","234","8.9","-19.3","2408","91.1","5.8","5353.1","1.7","474.1","-20.3","4878.9","4.5","8.1","16.2","107.4","342.4","857.1","3859.8","162.1","295.3","-71.8","-4.8","-18.9","2.2","5.3","-1.2"
"Worcester County","2009","12.0","2.4","49804","0","8","42","221","439","1789","71","2570","-2.7","271","10.5","15.8","2299","89.5","-4.5","5160.2","-3.6","544.1","14.8","4616.1","-5.4","0.0","16.1","84.3","443.7","881.5","3592.1","142.6","-100.0","-0.9","-21.5","29.6","2.8","-6.9","-12.1"
"Worcester County","2010","10.6","2.7","49645","4","13","45","199","491","1817","48","2617","1.8","261","10.0","-3.7","2356","90.0","2.5","5271.4","2.2","525.7","-3.4","4745.7","2.8","8.1","26.2","90.6","400.8","989.0","3660.0","96.7","400.0","63.0","7.5","-9.7","12.2","1.9","-32.2"
"Worcester County","2011","13.0","2.6","51942","1","7","28","212","423","1852","41","2564","-2.0","248","9.7","-5.0","2316","90.3","-1.7","4936.3","-6.4","477.5","-9.2","4458.8","-6.0","1.9","13.5","53.9","408.1","814.4","3565.5","78.9","-76.1","-48.5","-40.5","1.8","-17.7","-2.6","-18.4"
"Worcester County","2012","11.1","2.4","52011","1","16","31","138","432","1751","33","2402","-6.3","186","7.7","-25.0","2216","92.3","-4.3","4618.3","-6.4","357.6","-25.1","4260.6","-4.4","1.9","30.8","59.6","265.3","830.6","3366.6","63.4","-0.1","128.3","10.6","-35.0","2.0","-5.6","-19.6"
"Worcester County","2013","13.1","2.5","51718","2","14","28","173","356","1705","55","2333","-2.9","217","9.3","16.7","2116","90.7","-4.5","4511.0","-2.3","419.6","17.3","4091.4","-4.0","3.9","27.1","54.1","334.5","688.3","3296.7","106.3","101.1","-12.0","-9.2","26.1","-17.1","-2.1","67.6"
